theme,word
Elections and Parties,elections
Elections and Parties,voters
Elections and Parties,campaign
Elections and Parties,civil
Elections and Parties,party
Elections and Parties,polls
European Identity and Values,democracy
European Identity and Values,freedom
European Identity and Values,identity
European Identity and Values,liberal
European Identity and Values,equality
European Identity and Values,rule of law
European Identity and Values,judiciary
European Identity and Values,conservative
European Identity and Values,christian
Financial Stability,fiscal
Financial Stability,monetary
Financial Stability,debt
Financial Stability,inflation
Financial Stability,eurozone
Financial Stability,ecb
Financial Stability,liquidity
Financial Stability,market
Populism and Extremism,populism
Populism and Extremism,extremist
Populism and Extremism,radical
Populism and Extremism,eurosceptic
Asia and Indo-Pacific,asia
Asia and Indo-Pacific,asean
Asia and Indo-Pacific,indo-pacific
Asia and Indo-Pacific,vietnam
Asia and Indo-Pacific,philippines
Asia and Indo-Pacific,singapore
Asia and Indo-Pacific,thailand
Asia and Indo-Pacific,malaysia
Asia and Indo-Pacific,indonesia
Asia and Indo-Pacific,japan
Asia and Indo-Pacific,korea
Baltic Region,estonia
Baltic Region,latvia
Baltic Region,lithuania
Baltic Region,vilnius
Baltic Region,riga
Baltic Region,tallinn
Baltic Region,baltic
Baltic Region,baltics
Baltic Region,baltic region
China,china
China,chinese
China,beijing
China,taiwan
China,hong kong
China,asia
China,xi
China,xi jinping
China,ccp
China,south china sea
China,cpec
China,belt and road
EU Enlargement,enlargement
EU Enlargement,accession
EU Enlargement,candidate countries
EU Enlargement,eastern partnership
EU Enlargement,pre-accession
Latin America and the Caribbean,latin america
Latin America and the Caribbean,brazil
Latin America and the Caribbean,argentina
Latin America and the Caribbean,caribbean
Latin America and the Caribbean,mercosur
Latin America and the Caribbean,venezuela
Latin America and the Caribbean,south america
Latin America and the Caribbean,andes
Latin America and the Caribbean,mexico
Middle East and North Africa,mena
Middle East and North Africa,middle east
Middle East and North Africa,iran
Middle East and North Africa,iraq
Middle East and North Africa,syria
Middle East and North Africa,turkey
Middle East and North Africa,gulf
Middle East and North Africa,saudi
Middle East and North Africa,egypt
Middle East and North Africa,morocco
Middle East and North Africa,yemen
Middle East and North Africa,north africa
Middle East and North Africa,israel
Middle East and North Africa,palestine
Nordic Region,finland
Nordic Region,sweden
Nordic Region,norway
Nordic Region,denmark
Nordic Region,iceland
Nordic Region,arctic
Nordic Region,nordic
Nordic Region,nordics
Russia and Ukraine,ukraine
Russia and Ukraine,ukrainian
Russia and Ukraine,russia
Russia and Ukraine,russian
Russia and Ukraine,war
Russia and Ukraine,invasion
Russia and Ukraine,donbas
Russia and Ukraine,crimea
Russia and Ukraine,moscow
Russia and Ukraine,kremlin
Russia and Ukraine,putin
Russia and Ukraine,zelensky
Russia and Ukraine,occupied
South Caucasus and Central Asia,georgia
South Caucasus and Central Asia,armenia
South Caucasus and Central Asia,azerbaijan
South Caucasus and Central Asia,kazakhstan
South Caucasus and Central Asia,uzbekistan
South Caucasus and Central Asia,kyrgyzstan
South Caucasus and Central Asia,tajikistan
South Caucasus and Central Asia,turkmenistan
South Caucasus and Central Asia,silk road
South Caucasus and Central Asia,caucasus
Western Balkans,serbia
Western Balkans,kosovo
Western Balkans,albania
Western Balkans,north macedonia
Western Balkans,montenegro
Western Balkans,bosnia
Western Balkans,herzegovina
Western Balkans,balkan
Western Balkans,western balkans
AI and Technology,ai
AI and Technology,technology
AI and Technology,innovation
AI and Technology,computers
AI and Technology,automation
AI and Technology,tech
AI and Technology,digital
AI and Technology,digitalisation
AI and Technology,data
Climate and Environment,climate
Climate and Environment,carbon
Climate and Environment,environment
Climate and Environment,biodiversity
Climate and Environment,ecosystems
Climate and Environment,weather
Climate and Environment,green
Climate and Environment,emissions
Climate and Environment,sustainability
Climate and Environment,decarbonisation
"Education, Research and Youth",education
"Education, Research and Youth",university
"Education, Research and Youth",schools
"Education, Research and Youth",erasmus
"Education, Research and Youth",knowledge
"Education, Research and Youth",learning
"Education, Research and Youth",youth
"Education, Research and Youth",young
"Education, Research and Youth",generations
"Education, Research and Youth",students
"Education, Research and Youth",academic
"Education, Research and Youth",science
Energy,energy
Energy,renewables
Energy,solar
Energy,wind
Energy,nuclear
Energy,hydrogen
Energy,electricity
Energy,fossil fuels
Energy,gas
Energy,grid
Energy,storage
Industrial and Economic Policy,competitiveness
Industrial and Economic Policy,investment
Industrial and Economic Policy,innovation
Industrial and Economic Policy,industrial policy
Industrial and Economic Policy,manufacturing
Industrial and Economic Policy,growth
Industrial and Economic Policy,productivity
Industrial and Economic Policy,economy
Industrial and Economic Policy,economic
Industrial and Economic Policy,gdp
Industrial and Economic Policy,industry
Infrastructure and Transport,infrastructure
Infrastructure and Transport,transport
Infrastructure and Transport,rail
Infrastructure and Transport,connectivity
Infrastructure and Transport,logistics
Infrastructure and Transport,mobility
Infrastructure and Transport,corridors
Infrastructure and Transport,roads
Infrastructure and Transport,public transport
Infrastructure and Transport,cars
Trade,exports
Trade,imports
Trade,trade
Trade,quotas
Trade,trade deal
Trade,tariffs
Demographics,ageing
Demographics,demographic
Demographics,elderly
Demographics,seniors
Demographics,pension
Demographics,care
Demographics,retirement
Labour Market,employment
Labour Market,unemployment
Labour Market,workforce
Labour Market,jobs
Labour Market,wages
Labour Market,reskilling
Labour Market,upskilling
Labour Market,labour mobility
Migration,migration
Migration,border
Migration,refugees
Migration,deportation
Migration,asylum
Migration,visa
Social Protection and Housing,social
Social Protection and Housing,welfare
Social Protection and Housing,benefits
Social Protection and Housing,insurance
Social Protection and Housing,housing
Social Protection and Housing,urban
Social Protection and Housing,rent
Social Protection and Housing,affordability
Social Protection and Housing,development
Social Protection and Housing,social inclusion
Social Protection and Housing,homelessness
Defence and Military,defence
Defence and Military,security
Defence and Military,military
Defence and Military,armed forces
Defence and Military,nuclear
Defence and Military,deterrence
Defence and Military,weapons
Defence and Military,warfare
Defence and Military,army
Disinformation and Cybersecurity,disinformation
Disinformation and Cybersecurity,propaganda
Disinformation and Cybersecurity,hybrid
Disinformation and Cybersecurity,cybersecurity
Disinformation and Cybersecurity,cyber
Disinformation and Cybersecurity,malware
Disinformation and Cybersecurity,hacking
Transatlantic Relations,transatlantic
Transatlantic Relations,nato
Transatlantic Relations,us
Transatlantic Relations,usa
Transatlantic Relations,america
Transatlantic Relations,american
Transatlantic Relations,washington
Transatlantic Relations,alliance
Transatlantic Relations,atlanticism
Transatlantic Relations,biden
Transatlantic Relations,trump
